<?xml version="1.0" encoding="utf-8"?>
<annotations>
  <version>1.1</version>
  <meta>
    <task>
      <id>1048136</id>
      <name>1_통크</name>
      <size>434</size>
      <mode>annotation</mode>
      <overlap>0</overlap>
      <bugtracker></bugtracker>
      <created>2024-11-25 17:13:27.044086+00:00</created>
      <updated>2024-11-26 06:20:49.855299+00:00</updated>
      <subset>default</subset>
      <start_frame>0</start_frame>
      <stop_frame>433</stop_frame>
      <frame_filter></frame_filter>
      <segments>
        <segment>
          <id>1741380</id>
          <start>0</start>
          <stop>433</stop>
          <url>https://app.cvat.ai/api/jobs/1738921</url>
        </segment>
      </segments>
      <owner>
        <username>jinaleeci</username>
        <email>jinaleeci@gmail.com</email>
      </owner>
      <assignee></assignee>
      <labels>
        <label>
          <name>tag</name>
          <color>#13f026</color>
          <type>any</type>
          <attributes>
          </attributes>
        </label>
        <label>
          <name>nutri</name>
          <color>#fb2a89</color>
          <type>any</type>
          <attributes>
          </attributes>
        </label>
        <label>
          <name>date</name>
          <color>#0ddcc8</color>
          <type>any</type>
          <attributes>
          </attributes>
        </label>
      </labels>
    </task>
    <dumped>2024-11-28 16:23:33.173010+00:00</dumped>
  </meta>
  <image id="0" name="1_00160.jpg" width="1080" height="1440">
  </image>
  <image id="1" name="1_00161.jpg" width="1080" height="1440">
  </image>
  <image id="2" name="1_00162.jpg" width="1080" height="1440">
  </image>
  <image id="3" name="1_00163.jpg" width="1080" height="1440">
  </image>
  <image id="4" name="1_00164.jpg" width="1080" height="1440">
  </image>
  <image id="5" name="1_00165.jpg" width="1080" height="1440">
  </image>
  <image id="6" name="1_00166.jpg" width="1080" height="1440">
  </image>
  <image id="7" name="1_00167.jpg" width="1080" height="1440">
  </image>
  <image id="8" name="1_00168.jpg" width="1080" height="1440">
  </image>
  <image id="9" name="1_00169.jpg" width="1080" height="1440">
  </image>
  <image id="10" name="1_00170.jpg" width="1080" height="1440">
  </image>
  <image id="11" name="1_00171.jpg" width="1080" height="1440">
  </image>
  <image id="12" name="1_00172.jpg" width="1080" height="1440">
  </image>
  <image id="13" name="1_00173.jpg" width="1080" height="1440">
  </image>
  <image id="14" name="1_00174.jpg" width="1080" height="1440">
  </image>
  <image id="15" name="1_00175.jpg" width="1080" height="1440">
  </image>
  <image id="16" name="1_00176.jpg" width="1080" height="1440">
  </image>
  <image id="17" name="1_00177.jpg" width="1080" height="1440">
  </image>
  <image id="18" name="1_00178.jpg" width="1080" height="1440">
  </image>
  <image id="19" name="1_00179.jpg" width="1080" height="1440">
  </image>
  <image id="20" name="1_00180.jpg" width="1080" height="1440">
  </image>
  <image id="21" name="1_00181.jpg" width="1080" height="1440">
  </image>
  <image id="22" name="1_00182.jpg" width="1080" height="1440">
  </image>
  <image id="23" name="1_00183.jpg" width="1080" height="1440">
  </image>
  <image id="24" name="1_00184.jpg" width="1080" height="1440">
  </image>
  <image id="25" name="1_00185.jpg" width="1080" height="1440">
  </image>
  <image id="26" name="1_00186.jpg" width="1080" height="1440">
  </image>
  <image id="27" name="1_00187.jpg" width="1080" height="1440">
  </image>
  <image id="28" name="1_00188.jpg" width="1080" height="1440">
  </image>
  <image id="29" name="1_00189.jpg" width="1080" height="1440">
  </image>
  <image id="30" name="1_00190.jpg" width="1080" height="1440">
  </image>
  <image id="31" name="1_00191.jpg" width="1080" height="1440">
  </image>
  <image id="32" name="1_00192.jpg" width="1080" height="1440">
  </image>
  <image id="33" name="1_00193.jpg" width="1080" height="1440">
  </image>
  <image id="34" name="1_00194.jpg" width="1080" height="1440">
  </image>
  <image id="35" name="1_00195.jpg" width="1080" height="1440">
  </image>
  <image id="36" name="1_00196.jpg" width="1080" height="1440">
  </image>
  <image id="37" name="1_00197.jpg" width="1080" height="1440">
  </image>
  <image id="38" name="1_00198.jpg" width="1080" height="1440">
  </image>
  <image id="39" name="1_00199.jpg" width="1080" height="1440">
  </image>
  <image id="40" name="1_00200.jpg" width="1080" height="1440">
  </image>
  <image id="41" name="1_00201.jpg" width="1080" height="1440">
  </image>
  <image id="42" name="1_00202.jpg" width="1080" height="1440">
  </image>
  <image id="43" name="1_00203.jpg" width="1080" height="1440">
  </image>
  <image id="44" name="1_00204.jpg" width="1080" height="1440">
    <box label="tag" source="manual" occluded="0" xtl="80.97" ytl="680.27" xbr="929.13" ybr="869.24" rotation="13.30" z_order="0">
    </box>
  </image>
  <image id="45" name="1_00205.jpg" width="1080" height="1440">
    <box label="tag" source="manual" occluded="0" xtl="79.11" ytl="683.07" xbr="927.26" ybr="872.04" rotation="12.24" z_order="0">
    </box>
  </image>
  <image id="46" name="1_00206.jpg" width="1080" height="1440">
    <box label="tag" source="manual" occluded="0" xtl="77.24" ytl="685.86" xbr="925.40" ybr="874.84" rotation="11.18" z_order="0">
    </box>
  </image>
  <image id="47" name="1_00207.jpg" width="1080" height="1440">
    <box label="tag" source="manual" occluded="0" xtl="75.38" ytl="688.66" xbr="923.53" ybr="877.63" rotation="10.12" z_order="0">
    </box>
  </image>
  <image id="48" name="1_00208.jpg" width="1080" height="1440">
    <box label="tag" source="manual" occluded="0" xtl="73.51" ytl="691.46" xbr="921.67" ybr="880.43" rotation="9.06" z_order="0">
    </box>
  </image>
  <image id="49" name="1_00209.jpg" width="1080" height="1440">
    <box label="tag" source="manual" occluded="0" xtl="71.65" ytl="694.25" xbr="919.81" ybr="883.22" rotation="8.00" z_order="0">
    </box>
  </image>
  <image id="50" name="1_00210.jpg" width="1080" height="1440">
    <box label="tag" source="manual" occluded="0" xtl="68.16" ytl="703.57" xbr="916.31" ybr="892.54" rotation="10.55" z_order="0">
    </box>
  </image>
  <image id="51" name="1_00211.jpg" width="1080" height="1440">
    <box label="tag" source="manual" occluded="0" xtl="64.66" ytl="712.89" xbr="912.82" ybr="901.86" rotation="13.10" z_order="0">
    </box>
  </image>
  <image id="52" name="1_00212.jpg" width="1080" height="1440">
    <box label="tag" source="manual" occluded="0" xtl="72.43" ytl="719.88" xbr="920.58" ybr="908.85" rotation="13.10" z_order="0">
    </box>
  </image>
  <image id="53" name="1_00213.jpg" width="1080" height="1440">
    <box label="tag" source="manual" occluded="0" xtl="80.19" ytl="726.87" xbr="928.35" ybr="915.84" rotation="13.10" z_order="0">
    </box>
  </image>
  <image id="54" name="1_00214.jpg" width="1080" height="1440">
    <box label="tag" source="manual" occluded="0" xtl="87.96" ytl="733.86" xbr="936.12" ybr="922.83" rotation="13.10" z_order="0">
    </box>
  </image>
  <image id="55" name="1_00215.jpg" width="1080" height="1440">
    <box label="tag" source="manual" occluded="0" xtl="99.61" ytl="733.86" xbr="947.77" ybr="922.83" rotation="13.10" z_order="0">
    </box>
  </image>
  <image id="56" name="1_00216.jpg" width="1080" height="1440">
    <box label="tag" source="manual" occluded="0" xtl="111.26" ytl="733.86" xbr="959.42" ybr="922.83" rotation="13.10" z_order="0">
    </box>
  </image>
  <image id="57" name="1_00217.jpg" width="1080" height="1440">
    <box label="tag" source="manual" occluded="0" xtl="121.75" ytl="725.71" xbr="969.90" ybr="914.68" rotation="13.10" z_order="0">
    </box>
  </image>
  <image id="58" name="1_00218.jpg" width="1080" height="1440">
    <box label="tag" source="manual" occluded="0" xtl="132.23" ytl="717.55" xbr="980.39" ybr="906.52" rotation="13.10" z_order="0">
    </box>
  </image>
  <image id="59" name="1_00219.jpg" width="1080" height="1440">
    <box label="tag" source="manual" occluded="0" xtl="132.23" ytl="717.55" xbr="980.39" ybr="906.52" rotation="8.00" z_order="0">
    </box>
  </image>
  <image id="60" name="1_00220.jpg" width="1080" height="1440">
    <box label="tag" source="manual" occluded="0" xtl="129.90" ytl="729.20" xbr="978.06" ybr="918.17" rotation="8.00" z_order="0">
    </box>
  </image>
  <image id="61" name="1_00221.jpg" width="1080" height="1440">
    <box label="tag" source="manual" occluded="0" xtl="131.46" ytl="732.31" xbr="979.61" ybr="921.28" rotation="8.00" z_order="0">
    </box>
  </image>
  <image id="62" name="1_00222.jpg" width="1080" height="1440">
    <box label="tag" source="manual" occluded="0" xtl="133.01" ytl="735.42" xbr="981.16" ybr="924.39" rotation="8.00" z_order="0">
    </box>
  </image>
  <image id="63" name="1_00223.jpg" width="1080" height="1440">
    <box label="tag" source="manual" occluded="0" xtl="134.56" ytl="738.53" xbr="982.72" ybr="927.50" rotation="8.00" z_order="0">
    </box>
  </image>
  <image id="64" name="1_00224.jpg" width="1080" height="1440">
    <box label="tag" source="manual" occluded="0" xtl="138.64" ytl="740.27" xbr="986.80" ybr="929.24" rotation="8.00" z_order="0">
    </box>
  </image>
  <image id="65" name="1_00225.jpg" width="1080" height="1440">
    <box label="tag" source="manual" occluded="0" xtl="142.72" ytl="742.02" xbr="990.87" ybr="930.99" rotation="8.00" z_order="0">
    </box>
  </image>
  <image id="66" name="1_00226.jpg" width="1080" height="1440">
    <box label="tag" source="manual" occluded="0" xtl="146.80" ytl="743.77" xbr="994.95" ybr="932.74" rotation="8.00" z_order="0">
    </box>
  </image>
  <image id="67" name="1_00227.jpg" width="1080" height="1440">
    <box label="tag" source="manual" occluded="0" xtl="150.87" ytl="745.52" xbr="999.03" ybr="934.49" rotation="8.00" z_order="0">
    </box>
  </image>
  <image id="68" name="1_00228.jpg" width="1080" height="1440">
    <box label="tag" source="manual" occluded="0" xtl="150.87" ytl="748.62" xbr="999.03" ybr="937.59" rotation="8.00" z_order="0">
    </box>
  </image>
  <image id="69" name="1_00229.jpg" width="1080" height="1440">
    <box label="tag" source="manual" occluded="0" xtl="150.87" ytl="751.73" xbr="999.03" ybr="940.70" rotation="8.00" z_order="0">
    </box>
  </image>
  <image id="70" name="1_00230.jpg" width="1080" height="1440">
    <box label="tag" source="manual" occluded="0" xtl="150.87" ytl="754.84" xbr="999.03" ybr="943.81" rotation="8.00" z_order="0">
    </box>
  </image>
  <image id="71" name="1_00231.jpg" width="1080" height="1440">
    <box label="tag" source="manual" occluded="0" xtl="147.77" ytl="751.73" xbr="995.92" ybr="940.70" rotation="8.00" z_order="0">
    </box>
  </image>
  <image id="72" name="1_00232.jpg" width="1080" height="1440">
    <box label="tag" source="manual" occluded="0" xtl="144.66" ytl="748.62" xbr="992.81" ybr="937.59" rotation="8.00" z_order="0">
    </box>
  </image>
  <image id="73" name="1_00233.jpg" width="1080" height="1440">
    <box label="tag" source="manual" occluded="0" xtl="141.55" ytl="745.52" xbr="989.71" ybr="934.49" rotation="8.00" z_order="0">
    </box>
  </image>
  <image id="74" name="1_00234.jpg" width="1080" height="1440">
    <box label="tag" source="manual" occluded="0" xtl="136.89" ytl="740.86" xbr="985.05" ybr="929.83" rotation="8.00" z_order="0">
    </box>
  </image>
  <image id="75" name="1_00235.jpg" width="1080" height="1440">
    <box label="tag" source="manual" occluded="0" xtl="132.23" ytl="736.20" xbr="980.39" ybr="925.17" rotation="8.00" z_order="0">
    </box>
  </image>
  <image id="76" name="1_00236.jpg" width="1080" height="1440">
    <box label="tag" source="manual" occluded="0" xtl="127.57" ytl="731.54" xbr="975.73" ybr="920.51" rotation="8.00" z_order="0">
    </box>
  </image>
  <image id="77" name="1_00237.jpg" width="1080" height="1440">
    <box label="tag" source="manual" occluded="0" xtl="126.41" ytl="731.54" xbr="974.56" ybr="920.51" rotation="8.00" z_order="0">
    </box>
  </image>
  <image id="78" name="1_00238.jpg" width="1080" height="1440">
    <box label="tag" source="manual" occluded="0" xtl="125.24" ytl="731.54" xbr="973.40" ybr="920.51" rotation="8.00" z_order="0">
    </box>
  </image>
  <image id="79" name="1_00239.jpg" width="1080" height="1440">
    <box label="tag" source="manual" occluded="0" xtl="124.08" ytl="731.54" xbr="972.23" ybr="920.51" rotation="8.00" z_order="0">
    </box>
  </image>
  <image id="80" name="1_00240.jpg" width="1080" height="1440">
    <box label="tag" source="manual" occluded="0" xtl="122.91" ytl="731.54" xbr="971.07" ybr="920.51" rotation="8.00" z_order="0">
    </box>
  </image>
  <image id="81" name="1_00241.jpg" width="1080" height="1440">
    <box label="tag" source="manual" occluded="0" xtl="120.19" ytl="727.26" xbr="968.35" ybr="916.23" rotation="8.00" z_order="0">
    </box>
  </image>
  <image id="82" name="1_00242.jpg" width="1080" height="1440">
    <box label="tag" source="manual" occluded="0" xtl="117.48" ytl="722.99" xbr="965.63" ybr="911.96" rotation="8.00" z_order="0">
    </box>
  </image>
  <image id="83" name="1_00243.jpg" width="1080" height="1440">
    <box label="tag" source="manual" occluded="0" xtl="114.76" ytl="718.72" xbr="962.91" ybr="907.69" rotation="8.00" z_order="0">
    </box>
  </image>
  <image id="84" name="1_00244.jpg" width="1080" height="1440">
    <box label="tag" source="manual" occluded="0" xtl="112.04" ytl="714.45" xbr="960.19" ybr="903.42" rotation="8.00" z_order="0">
    </box>
  </image>
  <image id="85" name="1_00245.jpg" width="1080" height="1440">
    <box label="tag" source="manual" occluded="0" xtl="109.32" ytl="710.18" xbr="957.48" ybr="899.15" rotation="8.00" z_order="0">
    </box>
  </image>
  <image id="86" name="1_00246.jpg" width="1080" height="1440">
    <box label="tag" source="manual" occluded="0" xtl="106.60" ytl="705.90" xbr="954.76" ybr="894.88" rotation="8.00" z_order="0">
    </box>
  </image>
  <image id="87" name="1_00247.jpg" width="1080" height="1440">
    <box label="tag" source="manual" occluded="0" xtl="106.60" ytl="705.90" xbr="954.76" ybr="894.88" rotation="8.00" z_order="0">
    </box>
  </image>
  <image id="88" name="1_00248.jpg" width="1080" height="1440">
    <box label="tag" source="manual" occluded="0" xtl="106.60" ytl="705.90" xbr="954.76" ybr="894.88" rotation="8.00" z_order="0">
    </box>
  </image>
  <image id="89" name="1_00249.jpg" width="1080" height="1440">
    <box label="tag" source="manual" occluded="0" xtl="103.50" ytl="706.09" xbr="951.65" ybr="890.99" rotation="8.00" z_order="0">
    </box>
  </image>
  <image id="90" name="1_00250.jpg" width="1080" height="1440">
    <box label="tag" source="manual" occluded="0" xtl="100.39" ytl="706.27" xbr="948.54" ybr="887.11" rotation="8.00" z_order="0">
    </box>
  </image>
  <image id="91" name="1_00251.jpg" width="1080" height="1440">
    <box label="tag" source="manual" occluded="0" xtl="97.28" ytl="706.45" xbr="945.44" ybr="883.22" rotation="8.00" z_order="0">
    </box>
  </image>
  <image id="92" name="1_00252.jpg" width="1080" height="1440">
    <box label="tag" source="manual" occluded="0" xtl="95.53" ytl="706.45" xbr="943.69" ybr="883.22" rotation="8.00" z_order="0">
    </box>
  </image>
  <image id="93" name="1_00253.jpg" width="1080" height="1440">
    <box label="tag" source="manual" occluded="0" xtl="93.79" ytl="706.45" xbr="941.94" ybr="883.23" rotation="8.00" z_order="0">
    </box>
  </image>
  <image id="94" name="1_00254.jpg" width="1080" height="1440">
    <box label="tag" source="manual" occluded="0" xtl="92.04" ytl="706.45" xbr="940.19" ybr="883.23" rotation="8.00" z_order="0">
    </box>
  </image>
  <image id="95" name="1_00255.jpg" width="1080" height="1440">
    <box label="tag" source="manual" occluded="0" xtl="90.29" ytl="706.45" xbr="938.45" ybr="883.23" rotation="8.00" z_order="0">
    </box>
  </image>
  <image id="96" name="1_00256.jpg" width="1080" height="1440">
    <box label="tag" source="manual" occluded="0" xtl="88.43" ytl="705.52" xbr="936.58" ybr="882.29" rotation="8.00" z_order="0">
    </box>
  </image>
  <image id="97" name="1_00257.jpg" width="1080" height="1440">
    <box label="tag" source="manual" occluded="0" xtl="86.56" ytl="704.59" xbr="934.72" ybr="881.36" rotation="8.00" z_order="0">
    </box>
  </image>
  <image id="98" name="1_00258.jpg" width="1080" height="1440">
    <box label="tag" source="manual" occluded="0" xtl="84.70" ytl="703.65" xbr="932.85" ybr="880.43" rotation="8.00" z_order="0">
    </box>
  </image>
  <image id="99" name="1_00259.jpg" width="1080" height="1440">
    <box label="tag" source="manual" occluded="0" xtl="82.83" ytl="702.72" xbr="930.99" ybr="879.50" rotation="8.00" z_order="0">
    </box>
  </image>
  <image id="100" name="1_00260.jpg" width="1080" height="1440">
    <box label="tag" source="manual" occluded="0" xtl="80.97" ytl="701.79" xbr="929.13" ybr="878.56" rotation="8.00" z_order="0">
    </box>
  </image>
  <image id="101" name="1_00261.jpg" width="1080" height="1440">
    <box label="tag" source="manual" occluded="0" xtl="76.31" ytl="701.01" xbr="924.47" ybr="877.79" rotation="8.00" z_order="0">
    </box>
  </image>
  <image id="102" name="1_00262.jpg" width="1080" height="1440">
    <box label="tag" source="manual" occluded="0" xtl="71.65" ytl="700.24" xbr="919.81" ybr="877.01" rotation="8.00" z_order="0">
    </box>
  </image>
  <image id="103" name="1_00263.jpg" width="1080" height="1440">
    <box label="tag" source="manual" occluded="0" xtl="66.99" ytl="699.46" xbr="915.15" ybr="876.23" rotation="8.00" z_order="0">
    </box>
  </image>
  <image id="104" name="1_00264.jpg" width="1080" height="1440">
    <box label="tag" source="manual" occluded="0" xtl="66.99" ytl="698.46" xbr="915.15" ybr="875.23" rotation="8.00" z_order="0">
    </box>
  </image>
  <image id="105" name="1_00265.jpg" width="1080" height="1440">
    <box label="tag" source="manual" occluded="0" xtl="66.99" ytl="697.46" xbr="915.15" ybr="874.24" rotation="8.00" z_order="0">
    </box>
  </image>
  <image id="106" name="1_00266.jpg" width="1080" height="1440">
    <box label="tag" source="manual" occluded="0" xtl="66.99" ytl="696.46" xbr="915.15" ybr="873.24" rotation="8.00" z_order="0">
    </box>
  </image>
  <image id="107" name="1_00267.jpg" width="1080" height="1440">
    <box label="tag" source="manual" occluded="0" xtl="66.99" ytl="695.46" xbr="915.15" ybr="872.24" rotation="8.00" z_order="0">
    </box>
  </image>
  <image id="108" name="1_00268.jpg" width="1080" height="1440">
    <box label="tag" source="manual" occluded="0" xtl="66.99" ytl="694.46" xbr="915.15" ybr="871.24" rotation="8.00" z_order="0">
    </box>
  </image>
  <image id="109" name="1_00269.jpg" width="1080" height="1440">
    <box label="tag" source="manual" occluded="0" xtl="66.99" ytl="693.47" xbr="915.15" ybr="870.24" rotation="8.00" z_order="0">
    </box>
  </image>
  <image id="110" name="1_00270.jpg" width="1080" height="1440">
    <box label="tag" source="manual" occluded="0" xtl="66.99" ytl="692.47" xbr="915.15" ybr="869.24" rotation="8.00" z_order="0">
    </box>
  </image>
  <image id="111" name="1_00271.jpg" width="1080" height="1440">
    <box label="tag" source="manual" occluded="0" xtl="65.24" ytl="688.97" xbr="913.40" ybr="865.75" rotation="8.00" z_order="0">
    </box>
  </image>
  <image id="112" name="1_00272.jpg" width="1080" height="1440">
    <box label="tag" source="manual" occluded="0" xtl="63.50" ytl="685.48" xbr="911.65" ybr="862.25" rotation="8.00" z_order="0">
    </box>
  </image>
  <image id="113" name="1_00273.jpg" width="1080" height="1440">
    <box label="tag" source="manual" occluded="0" xtl="61.75" ytl="681.98" xbr="909.90" ybr="858.76" rotation="8.00" z_order="0">
    </box>
  </image>
  <image id="114" name="1_00274.jpg" width="1080" height="1440">
    <box label="tag" source="manual" occluded="0" xtl="60.00" ytl="678.49" xbr="908.16" ybr="855.26" rotation="8.00" z_order="0">
    </box>
  </image>
  <image id="115" name="1_00275.jpg" width="1080" height="1440">
    <box label="tag" source="manual" occluded="0" xtl="59.53" ytl="681.75" xbr="907.69" ybr="858.53" rotation="8.50" z_order="0">
    </box>
  </image>
  <image id="116" name="1_00276.jpg" width="1080" height="1440">
    <box label="tag" source="manual" occluded="0" xtl="59.07" ytl="685.01" xbr="907.22" ybr="861.79" rotation="9.00" z_order="0">
    </box>
  </image>
  <image id="117" name="1_00277.jpg" width="1080" height="1440">
    <box label="tag" source="manual" occluded="0" xtl="58.60" ytl="688.28" xbr="906.76" ybr="865.05" rotation="9.50" z_order="0">
    </box>
  </image>
  <image id="118" name="1_00278.jpg" width="1080" height="1440">
    <box label="tag" source="manual" occluded="0" xtl="58.14" ytl="691.54" xbr="906.29" ybr="868.31" rotation="10.00" z_order="0">
    </box>
  </image>
  <image id="119" name="1_00279.jpg" width="1080" height="1440">
    <box label="tag" source="manual" occluded="0" xtl="57.67" ytl="694.80" xbr="905.83" ybr="871.57" rotation="10.50" z_order="0">
    </box>
  </image>
  <image id="120" name="1_00280.jpg" width="1080" height="1440">
    <box label="tag" source="manual" occluded="0" xtl="54.18" ytl="690.72" xbr="902.33" ybr="867.50" rotation="10.50" z_order="0">
    </box>
  </image>
  <image id="121" name="1_00281.jpg" width="1080" height="1440">
    <box label="tag" source="manual" occluded="0" xtl="50.68" ytl="686.64" xbr="898.84" ybr="863.42" rotation="10.50" z_order="0">
    </box>
  </image>
  <image id="122" name="1_00282.jpg" width="1080" height="1440">
    <box label="tag" source="manual" occluded="0" xtl="47.19" ytl="682.57" xbr="895.34" ybr="859.34" rotation="10.50" z_order="0">
    </box>
  </image>
  <image id="123" name="1_00283.jpg" width="1080" height="1440">
    <box label="tag" source="manual" occluded="0" xtl="43.69" ytl="678.49" xbr="891.85" ybr="855.26" rotation="10.50" z_order="0">
    </box>
  </image>
  <image id="124" name="1_00284.jpg" width="1080" height="1440">
    <box label="tag" source="manual" occluded="0" xtl="41.36" ytl="680.82" xbr="889.52" ybr="857.59" rotation="10.50" z_order="0">
    </box>
  </image>
  <image id="125" name="1_00285.jpg" width="1080" height="1440">
    <box label="tag" source="manual" occluded="0" xtl="39.03" ytl="683.15" xbr="887.19" ybr="859.92" rotation="10.50" z_order="0">
    </box>
  </image>
  <image id="126" name="1_00286.jpg" width="1080" height="1440">
    <box label="tag" source="manual" occluded="0" xtl="36.70" ytl="685.48" xbr="884.86" ybr="862.25" rotation="10.50" z_order="0">
    </box>
  </image>
  <image id="127" name="1_00287.jpg" width="1080" height="1440">
    <box label="tag" source="manual" occluded="0" xtl="21.56" ytl="685.48" xbr="869.71" ybr="862.25" rotation="10.50" z_order="0">
    </box>
  </image>
  <image id="128" name="1_00288.jpg" width="1080" height="1440">
    <box label="tag" source="manual" occluded="0" xtl="6.41" ytl="685.48" xbr="854.57" ybr="862.25" rotation="10.50" z_order="0">
    </box>
  </image>
  <image id="129" name="1_00289.jpg" width="1080" height="1440">
    <box label="tag" source="manual" occluded="0" xtl="-6.41" ytl="702.95" xbr="841.75" ybr="879.73" rotation="10.50" z_order="0">
    </box>
  </image>
  <image id="130" name="1_00290.jpg" width="1080" height="1440">
  </image>
  <image id="131" name="1_00291.jpg" width="1080" height="1440">
  </image>
  <image id="132" name="1_00292.jpg" width="1080" height="1440">
  </image>
  <image id="133" name="1_00293.jpg" width="1080" height="1440">
  </image>
  <image id="134" name="1_00294.jpg" width="1080" height="1440">
  </image>
  <image id="135" name="1_00295.jpg" width="1080" height="1440">
  </image>
  <image id="136" name="1_00296.jpg" width="1080" height="1440">
  </image>
  <image id="137" name="1_00297.jpg" width="1080" height="1440">
  </image>
  <image id="138" name="1_00298.jpg" width="1080" height="1440">
  </image>
  <image id="139" name="1_00299.jpg" width="1080" height="1440">
  </image>
  <image id="140" name="1_00300.jpg" width="1080" height="1440">
  </image>
  <image id="141" name="1_00301.jpg" width="1080" height="1440">
  </image>
  <image id="142" name="1_00302.jpg" width="1080" height="1440">
  </image>
  <image id="143" name="1_00303.jpg" width="1080" height="1440">
  </image>
  <image id="144" name="1_00304.jpg" width="1080" height="1440">
  </image>
  <image id="145" name="1_00305.jpg" width="1080" height="1440">
    <box label="tag" source="manual" occluded="0" xtl="64.66" ytl="694.25" xbr="852.23" ybr="848.27" rotation="10.90" z_order="0">
    </box>
  </image>
  <image id="146" name="1_00306.jpg" width="1080" height="1440">
    <box label="tag" source="manual" occluded="0" xtl="65.03" ytl="693.30" xbr="852.60" ybr="847.31" rotation="10.90" z_order="0">
    </box>
  </image>
  <image id="147" name="1_00307.jpg" width="1080" height="1440">
    <box label="tag" source="manual" occluded="0" xtl="65.40" ytl="692.34" xbr="852.97" ybr="846.36" rotation="10.90" z_order="0">
    </box>
  </image>
  <image id="148" name="1_00308.jpg" width="1080" height="1440">
    <box label="tag" source="manual" occluded="0" xtl="65.76" ytl="691.38" xbr="853.34" ybr="845.40" rotation="10.90" z_order="0">
    </box>
  </image>
  <image id="149" name="1_00309.jpg" width="1080" height="1440">
    <box label="tag" source="manual" occluded="0" xtl="66.13" ytl="690.43" xbr="853.71" ybr="844.45" rotation="10.90" z_order="0">
    </box>
  </image>
  <image id="150" name="1_00310.jpg" width="1080" height="1440">
    <box label="tag" source="manual" occluded="0" xtl="66.50" ytl="689.47" xbr="854.07" ybr="843.49" rotation="10.90" z_order="0">
    </box>
  </image>
  <image id="151" name="1_00311.jpg" width="1080" height="1440">
    <box label="tag" source="manual" occluded="0" xtl="66.87" ytl="688.51" xbr="854.44" ybr="842.53" rotation="10.90" z_order="0">
    </box>
  </image>
  <image id="152" name="1_00312.jpg" width="1080" height="1440">
    <box label="tag" source="manual" occluded="0" xtl="67.24" ytl="687.56" xbr="854.81" ybr="841.58" rotation="10.90" z_order="0">
    </box>
  </image>
  <image id="153" name="1_00313.jpg" width="1080" height="1440">
    <box label="tag" source="manual" occluded="0" xtl="67.60" ytl="686.60" xbr="855.18" ybr="840.62" rotation="10.90" z_order="0">
    </box>
  </image>
  <image id="154" name="1_00314.jpg" width="1080" height="1440">
    <box label="tag" source="manual" occluded="0" xtl="67.97" ytl="685.64" xbr="855.54" ybr="839.66" rotation="10.90" z_order="0">
    </box>
  </image>
  <image id="155" name="1_00315.jpg" width="1080" height="1440">
    <box label="tag" source="manual" occluded="0" xtl="68.34" ytl="684.69" xbr="855.91" ybr="838.71" rotation="10.90" z_order="0">
    </box>
  </image>
  <image id="156" name="1_00316.jpg" width="1080" height="1440">
    <box label="tag" source="manual" occluded="0" xtl="68.71" ytl="683.73" xbr="856.28" ybr="837.75" rotation="10.90" z_order="0">
    </box>
  </image>
  <image id="157" name="1_00317.jpg" width="1080" height="1440">
    <box label="tag" source="manual" occluded="0" xtl="69.08" ytl="682.77" xbr="856.65" ybr="836.79" rotation="10.90" z_order="0">
    </box>
  </image>
  <image id="158" name="1_00318.jpg" width="1080" height="1440">
    <box label="tag" source="manual" occluded="0" xtl="69.44" ytl="681.82" xbr="857.02" ybr="835.84" rotation="10.90" z_order="0">
    </box>
  </image>
  <image id="159" name="1_00319.jpg" width="1080" height="1440">
    <box label="tag" source="manual" occluded="0" xtl="69.81" ytl="680.86" xbr="857.38" ybr="834.88" rotation="10.90" z_order="0">
    </box>
  </image>
  <image id="160" name="1_00320.jpg" width="1080" height="1440">
  </image>
  <image id="161" name="1_00321.jpg" width="1080" height="1440">
  </image>
  <image id="162" name="1_00322.jpg" width="1080" height="1440">
  </image>
  <image id="163" name="1_00323.jpg" width="1080" height="1440">
  </image>
  <image id="164" name="1_00324.jpg" width="1080" height="1440">
  </image>
  <image id="165" name="1_00325.jpg" width="1080" height="1440">
  </image>
  <image id="166" name="1_00326.jpg" width="1080" height="1440">
  </image>
  <image id="167" name="1_00327.jpg" width="1080" height="1440">
  </image>
  <image id="168" name="1_00328.jpg" width="1080" height="1440">
  </image>
  <image id="169" name="1_00329.jpg" width="1080" height="1440">
  </image>
  <image id="170" name="1_00330.jpg" width="1080" height="1440">
  </image>
  <image id="171" name="1_00331.jpg" width="1080" height="1440">
  </image>
  <image id="172" name="1_00332.jpg" width="1080" height="1440">
  </image>
  <image id="173" name="1_00333.jpg" width="1080" height="1440">
  </image>
  <image id="174" name="1_00334.jpg" width="1080" height="1440">
  </image>
  <image id="175" name="1_00335.jpg" width="1080" height="1440">
  </image>
  <image id="176" name="1_00336.jpg" width="1080" height="1440">
  </image>
  <image id="177" name="1_00337.jpg" width="1080" height="1440">
  </image>
  <image id="178" name="1_00338.jpg" width="1080" height="1440">
  </image>
  <image id="179" name="1_00339.jpg" width="1080" height="1440">
  </image>
  <image id="180" name="1_00340.jpg" width="1080" height="1440">
  </image>
  <image id="181" name="1_00341.jpg" width="1080" height="1440">
  </image>
  <image id="182" name="1_00342.jpg" width="1080" height="1440">
  </image>
  <image id="183" name="1_00343.jpg" width="1080" height="1440">
  </image>
  <image id="184" name="1_00344.jpg" width="1080" height="1440">
  </image>
  <image id="185" name="1_00345.jpg" width="1080" height="1440">
  </image>
  <image id="186" name="1_00346.jpg" width="1080" height="1440">
  </image>
  <image id="187" name="1_00347.jpg" width="1080" height="1440">
  </image>
  <image id="188" name="1_00348.jpg" width="1080" height="1440">
  </image>
  <image id="189" name="1_00349.jpg" width="1080" height="1440">
  </image>
  <image id="190" name="1_00350.jpg" width="1080" height="1440">
  </image>
  <image id="191" name="1_00351.jpg" width="1080" height="1440">
  </image>
  <image id="192" name="1_00352.jpg" width="1080" height="1440">
  </image>
  <image id="193" name="1_00353.jpg" width="1080" height="1440">
  </image>
  <image id="194" name="1_00354.jpg" width="1080" height="1440">
  </image>
  <image id="195" name="1_00355.jpg" width="1080" height="1440">
  </image>
  <image id="196" name="1_00356.jpg" width="1080" height="1440">
  </image>
  <image id="197" name="1_00357.jpg" width="1080" height="1440">
  </image>
  <image id="198" name="1_00358.jpg" width="1080" height="1440">
  </image>
  <image id="199" name="1_00359.jpg" width="1080" height="1440">
  </image>
  <image id="200" name="1_00360.jpg" width="1080" height="1440">
  </image>
  <image id="201" name="1_00361.jpg" width="1080" height="1440">
  </image>
  <image id="202" name="1_00362.jpg" width="1080" height="1440">
  </image>
  <image id="203" name="1_00363.jpg" width="1080" height="1440">
  </image>
  <image id="204" name="1_00364.jpg" width="1080" height="1440">
  </image>
  <image id="205" name="1_00365.jpg" width="1080" height="1440">
  </image>
  <image id="206" name="1_00366.jpg" width="1080" height="1440">
  </image>
  <image id="207" name="1_00367.jpg" width="1080" height="1440">
  </image>
  <image id="208" name="1_00368.jpg" width="1080" height="1440">
  </image>
  <image id="209" name="1_00369.jpg" width="1080" height="1440">
  </image>
  <image id="210" name="1_00370.jpg" width="1080" height="1440">
  </image>
  <image id="211" name="1_00371.jpg" width="1080" height="1440">
  </image>
  <image id="212" name="1_00372.jpg" width="1080" height="1440">
  </image>
  <image id="213" name="1_00373.jpg" width="1080" height="1440">
  </image>
  <image id="214" name="1_00374.jpg" width="1080" height="1440">
  </image>
  <image id="215" name="1_00375.jpg" width="1080" height="1440">
  </image>
  <image id="216" name="1_00376.jpg" width="1080" height="1440">
  </image>
  <image id="217" name="1_00377.jpg" width="1080" height="1440">
  </image>
  <image id="218" name="1_00378.jpg" width="1080" height="1440">
  </image>
  <image id="219" name="1_00379.jpg" width="1080" height="1440">
  </image>
  <image id="220" name="1_00380.jpg" width="1080" height="1440">
  </image>
  <image id="221" name="1_00381.jpg" width="1080" height="1440">
  </image>
  <image id="222" name="1_00382.jpg" width="1080" height="1440">
  </image>
  <image id="223" name="1_00383.jpg" width="1080" height="1440">
  </image>
  <image id="224" name="1_00384.jpg" width="1080" height="1440">
  </image>
  <image id="225" name="1_00385.jpg" width="1080" height="1440">
  </image>
  <image id="226" name="1_00386.jpg" width="1080" height="1440">
  </image>
  <image id="227" name="1_00387.jpg" width="1080" height="1440">
  </image>
  <image id="228" name="1_00388.jpg" width="1080" height="1440">
  </image>
  <image id="229" name="1_00389.jpg" width="1080" height="1440">
  </image>
  <image id="230" name="1_00390.jpg" width="1080" height="1440">
  </image>
  <image id="231" name="1_00391.jpg" width="1080" height="1440">
  </image>
  <image id="232" name="1_00392.jpg" width="1080" height="1440">
  </image>
  <image id="233" name="1_00393.jpg" width="1080" height="1440">
  </image>
  <image id="234" name="1_00394.jpg" width="1080" height="1440">
  </image>
  <image id="235" name="1_00395.jpg" width="1080" height="1440">
  </image>
  <image id="236" name="1_00396.jpg" width="1080" height="1440">
  </image>
  <image id="237" name="1_00397.jpg" width="1080" height="1440">
  </image>
  <image id="238" name="1_00398.jpg" width="1080" height="1440">
  </image>
  <image id="239" name="1_00399.jpg" width="1080" height="1440">
  </image>
  <image id="240" name="1_00400.jpg" width="1080" height="1440">
  </image>
  <image id="241" name="1_00401.jpg" width="1080" height="1440">
  </image>
  <image id="242" name="1_00402.jpg" width="1080" height="1440">
  </image>
  <image id="243" name="1_00403.jpg" width="1080" height="1440">
  </image>
  <image id="244" name="1_00404.jpg" width="1080" height="1440">
  </image>
  <image id="245" name="1_00405.jpg" width="1080" height="1440">
  </image>
  <image id="246" name="1_00406.jpg" width="1080" height="1440">
  </image>
  <image id="247" name="1_00407.jpg" width="1080" height="1440">
  </image>
  <image id="248" name="1_00408.jpg" width="1080" height="1440">
  </image>
  <image id="249" name="1_00409.jpg" width="1080" height="1440">
  </image>
  <image id="250" name="1_00410.jpg" width="1080" height="1440">
  </image>
  <image id="251" name="1_00411.jpg" width="1080" height="1440">
  </image>
  <image id="252" name="1_00412.jpg" width="1080" height="1440">
  </image>
  <image id="253" name="1_00413.jpg" width="1080" height="1440">
  </image>
  <image id="254" name="1_00414.jpg" width="1080" height="1440">
  </image>
  <image id="255" name="1_00415.jpg" width="1080" height="1440">
  </image>
  <image id="256" name="1_00416.jpg" width="1080" height="1440">
  </image>
  <image id="257" name="1_00417.jpg" width="1080" height="1440">
  </image>
  <image id="258" name="1_00418.jpg" width="1080" height="1440">
  </image>
  <image id="259" name="1_00419.jpg" width="1080" height="1440">
  </image>
  <image id="260" name="1_00420.jpg" width="1080" height="1440">
  </image>
  <image id="261" name="1_00421.jpg" width="1080" height="1440">
    <box label="date" source="manual" occluded="0" xtl="268.86" ytl="548.98" xbr="575.31" ybr="691.68" rotation="11.70" z_order="0">
    </box>
  </image>
  <image id="262" name="1_00422.jpg" width="1080" height="1440">
    <box label="date" source="manual" occluded="0" xtl="263.73" ytl="548.98" xbr="570.19" ybr="691.68" rotation="11.70" z_order="0">
    </box>
  </image>
  <image id="263" name="1_00423.jpg" width="1080" height="1440">
    <box label="date" source="manual" occluded="0" xtl="258.61" ytl="548.98" xbr="565.06" ybr="691.68" rotation="11.70" z_order="0">
    </box>
  </image>
  <image id="264" name="1_00424.jpg" width="1080" height="1440">
    <box label="date" source="manual" occluded="0" xtl="253.48" ytl="548.98" xbr="559.93" ybr="691.68" rotation="11.70" z_order="0">
    </box>
  </image>
  <image id="265" name="1_00425.jpg" width="1080" height="1440">
    <box label="date" source="manual" occluded="0" xtl="248.35" ytl="548.99" xbr="554.81" ybr="691.68" rotation="11.70" z_order="0">
    </box>
  </image>
  <image id="266" name="1_00426.jpg" width="1080" height="1440">
    <box label="date" source="manual" occluded="0" xtl="243.23" ytl="548.99" xbr="549.68" ybr="691.68" rotation="11.70" z_order="0">
    </box>
  </image>
  <image id="267" name="1_00427.jpg" width="1080" height="1440">
    <box label="date" source="manual" occluded="0" xtl="242.45" ytl="548.99" xbr="548.90" ybr="691.68" rotation="11.70" z_order="0">
    </box>
  </image>
  <image id="268" name="1_00428.jpg" width="1080" height="1440">
    <box label="date" source="manual" occluded="0" xtl="241.67" ytl="548.99" xbr="548.13" ybr="691.68" rotation="11.70" z_order="0">
    </box>
  </image>
  <image id="269" name="1_00429.jpg" width="1080" height="1440">
    <box label="date" source="manual" occluded="0" xtl="240.90" ytl="548.99" xbr="547.35" ybr="691.68" rotation="11.70" z_order="0">
    </box>
  </image>
  <image id="270" name="1_00430.jpg" width="1080" height="1440">
    <box label="date" source="manual" occluded="0" xtl="236.24" ytl="548.99" xbr="542.69" ybr="691.68" rotation="11.70" z_order="0">
    </box>
  </image>
  <image id="271" name="1_00431.jpg" width="1080" height="1440">
    <box label="date" source="manual" occluded="0" xtl="236.24" ytl="544.33" xbr="542.69" ybr="687.02" rotation="11.70" z_order="0">
    </box>
  </image>
  <image id="272" name="1_00432.jpg" width="1080" height="1440">
    <box label="date" source="manual" occluded="0" xtl="233.91" ytl="544.33" xbr="540.36" ybr="687.02" rotation="11.70" z_order="0">
    </box>
  </image>
  <image id="273" name="1_00433.jpg" width="1080" height="1440">
    <box label="date" source="manual" occluded="0" xtl="229.25" ytl="544.33" xbr="535.70" ybr="687.02" rotation="11.70" z_order="0">
    </box>
  </image>
  <image id="274" name="1_00434.jpg" width="1080" height="1440">
    <box label="date" source="manual" occluded="0" xtl="228.08" ytl="544.33" xbr="534.53" ybr="687.02" rotation="11.70" z_order="0">
    </box>
  </image>
  <image id="275" name="1_00435.jpg" width="1080" height="1440">
    <box label="date" source="manual" occluded="0" xtl="226.91" ytl="544.33" xbr="533.37" ybr="687.02" rotation="11.70" z_order="0">
    </box>
  </image>
  <image id="276" name="1_00436.jpg" width="1080" height="1440">
    <box label="date" source="manual" occluded="0" xtl="230.41" ytl="544.91" xbr="536.86" ybr="687.60" rotation="11.70" z_order="0">
    </box>
  </image>
  <image id="277" name="1_00437.jpg" width="1080" height="1440">
    <box label="date" source="manual" occluded="0" xtl="233.90" ytl="545.49" xbr="540.36" ybr="688.19" rotation="11.70" z_order="0">
    </box>
  </image>
  <image id="278" name="1_00438.jpg" width="1080" height="1440">
    <box label="date" source="manual" occluded="0" xtl="237.40" ytl="546.07" xbr="543.85" ybr="688.77" rotation="11.70" z_order="0">
    </box>
  </image>
  <image id="279" name="1_00439.jpg" width="1080" height="1440">
    <box label="date" source="manual" occluded="0" xtl="240.89" ytl="546.66" xbr="547.35" ybr="689.35" rotation="11.70" z_order="0">
    </box>
  </image>
  <image id="280" name="1_00440.jpg" width="1080" height="1440">
    <box label="date" source="manual" occluded="0" xtl="234.68" ytl="548.21" xbr="541.14" ybr="690.91" rotation="11.70" z_order="0">
    </box>
  </image>
  <image id="281" name="1_00441.jpg" width="1080" height="1440">
    <box label="date" source="manual" occluded="0" xtl="228.47" ytl="549.76" xbr="534.92" ybr="692.46" rotation="11.70" z_order="0">
    </box>
  </image>
  <image id="282" name="1_00442.jpg" width="1080" height="1440">
    <box label="date" source="manual" occluded="0" xtl="222.25" ytl="551.32" xbr="528.71" ybr="694.01" rotation="11.70" z_order="0">
    </box>
  </image>
  <image id="283" name="1_00443.jpg" width="1080" height="1440">
    <box label="date" source="manual" occluded="0" xtl="216.04" ytl="551.32" xbr="522.49" ybr="694.01" rotation="11.70" z_order="0">
    </box>
  </image>
  <image id="284" name="1_00444.jpg" width="1080" height="1440">
    <box label="date" source="manual" occluded="0" xtl="209.83" ytl="551.32" xbr="516.28" ybr="694.01" rotation="11.70" z_order="0">
    </box>
  </image>
  <image id="285" name="1_00445.jpg" width="1080" height="1440">
    <box label="date" source="manual" occluded="0" xtl="203.61" ytl="551.32" xbr="510.07" ybr="694.01" rotation="11.70" z_order="0">
    </box>
  </image>
  <image id="286" name="1_00446.jpg" width="1080" height="1440">
    <box label="date" source="manual" occluded="0" xtl="203.61" ytl="551.32" xbr="510.07" ybr="694.01" rotation="11.70" z_order="0">
    </box>
  </image>
  <image id="287" name="1_00447.jpg" width="1080" height="1440">
    <box label="date" source="manual" occluded="0" xtl="203.61" ytl="551.32" xbr="510.07" ybr="694.01" rotation="11.70" z_order="0">
    </box>
  </image>
  <image id="288" name="1_00448.jpg" width="1080" height="1440">
  </image>
  <image id="289" name="1_00449.jpg" width="1080" height="1440">
  </image>
  <image id="290" name="1_00450.jpg" width="1080" height="1440">
  </image>
  <image id="291" name="1_00451.jpg" width="1080" height="1440">
  </image>
  <image id="292" name="1_00452.jpg" width="1080" height="1440">
  </image>
  <image id="293" name="1_00453.jpg" width="1080" height="1440">
  </image>
  <image id="294" name="1_00454.jpg" width="1080" height="1440">
  </image>
  <image id="295" name="1_00455.jpg" width="1080" height="1440">
  </image>
  <image id="296" name="1_00456.jpg" width="1080" height="1440">
  </image>
  <image id="297" name="1_00457.jpg" width="1080" height="1440">
  </image>
  <image id="298" name="1_00458.jpg" width="1080" height="1440">
  </image>
  <image id="299" name="1_00459.jpg" width="1080" height="1440">
  </image>
  <image id="300" name="1_00460.jpg" width="1080" height="1440">
  </image>
  <image id="301" name="1_00461.jpg" width="1080" height="1440">
  </image>
  <image id="302" name="1_00462.jpg" width="1080" height="1440">
  </image>
  <image id="303" name="1_00463.jpg" width="1080" height="1440">
  </image>
  <image id="304" name="1_00464.jpg" width="1080" height="1440">
  </image>
  <image id="305" name="1_00465.jpg" width="1080" height="1440">
  </image>
  <image id="306" name="1_00466.jpg" width="1080" height="1440">
  </image>
  <image id="307" name="1_00467.jpg" width="1080" height="1440">
  </image>
  <image id="308" name="1_00468.jpg" width="1080" height="1440">
  </image>
  <image id="309" name="1_00469.jpg" width="1080" height="1440">
  </image>
  <image id="310" name="1_00470.jpg" width="1080" height="1440">
  </image>
  <image id="311" name="1_00471.jpg" width="1080" height="1440">
  </image>
  <image id="312" name="1_00472.jpg" width="1080" height="1440">
  </image>
  <image id="313" name="1_00473.jpg" width="1080" height="1440">
  </image>
  <image id="314" name="1_00474.jpg" width="1080" height="1440">
  </image>
  <image id="315" name="1_00475.jpg" width="1080" height="1440">
  </image>
  <image id="316" name="1_00476.jpg" width="1080" height="1440">
  </image>
  <image id="317" name="1_00477.jpg" width="1080" height="1440">
  </image>
  <image id="318" name="1_00478.jpg" width="1080" height="1440">
  </image>
  <image id="319" name="1_00479.jpg" width="1080" height="1440">
  </image>
  <image id="320" name="1_00480.jpg" width="1080" height="1440">
  </image>
  <image id="321" name="1_00481.jpg" width="1080" height="1440">
  </image>
  <image id="322" name="1_00482.jpg" width="1080" height="1440">
  </image>
  <image id="323" name="1_00483.jpg" width="1080" height="1440">
  </image>
  <image id="324" name="1_00484.jpg" width="1080" height="1440">
  </image>
  <image id="325" name="1_00485.jpg" width="1080" height="1440">
  </image>
  <image id="326" name="1_00486.jpg" width="1080" height="1440">
  </image>
  <image id="327" name="1_00487.jpg" width="1080" height="1440">
  </image>
  <image id="328" name="1_00488.jpg" width="1080" height="1440">
  </image>
  <image id="329" name="1_00489.jpg" width="1080" height="1440">
  </image>
  <image id="330" name="1_00490.jpg" width="1080" height="1440">
  </image>
  <image id="331" name="1_00491.jpg" width="1080" height="1440">
  </image>
  <image id="332" name="1_00492.jpg" width="1080" height="1440">
  </image>
  <image id="333" name="1_00493.jpg" width="1080" height="1440">
  </image>
  <image id="334" name="1_00494.jpg" width="1080" height="1440">
  </image>
  <image id="335" name="1_00495.jpg" width="1080" height="1440">
  </image>
  <image id="336" name="1_00496.jpg" width="1080" height="1440">
  </image>
  <image id="337" name="1_00497.jpg" width="1080" height="1440">
  </image>
  <image id="338" name="1_00498.jpg" width="1080" height="1440">
  </image>
  <image id="339" name="1_00499.jpg" width="1080" height="1440">
  </image>
  <image id="340" name="1_00500.jpg" width="1080" height="1440">
  </image>
  <image id="341" name="1_00501.jpg" width="1080" height="1440">
  </image>
  <image id="342" name="1_00502.jpg" width="1080" height="1440">
  </image>
  <image id="343" name="1_00503.jpg" width="1080" height="1440">
  </image>
  <image id="344" name="1_00504.jpg" width="1080" height="1440">
  </image>
  <image id="345" name="1_00505.jpg" width="1080" height="1440">
  </image>
  <image id="346" name="1_00506.jpg" width="1080" height="1440">
  </image>
  <image id="347" name="1_00507.jpg" width="1080" height="1440">
  </image>
  <image id="348" name="1_00508.jpg" width="1080" height="1440">
  </image>
  <image id="349" name="1_00509.jpg" width="1080" height="1440">
  </image>
  <image id="350" name="1_00510.jpg" width="1080" height="1440">
  </image>
  <image id="351" name="1_00511.jpg" width="1080" height="1440">
  </image>
  <image id="352" name="1_00512.jpg" width="1080" height="1440">
  </image>
  <image id="353" name="1_00513.jpg" width="1080" height="1440">
  </image>
  <image id="354" name="1_00514.jpg" width="1080" height="1440">
  </image>
  <image id="355" name="1_00515.jpg" width="1080" height="1440">
  </image>
  <image id="356" name="1_00516.jpg" width="1080" height="1440">
  </image>
  <image id="357" name="1_00517.jpg" width="1080" height="1440">
  </image>
  <image id="358" name="1_00518.jpg" width="1080" height="1440">
  </image>
  <image id="359" name="1_00519.jpg" width="1080" height="1440">
  </image>
  <image id="360" name="1_00520.jpg" width="1080" height="1440">
  </image>
  <image id="361" name="1_00521.jpg" width="1080" height="1440">
  </image>
  <image id="362" name="1_00522.jpg" width="1080" height="1440">
  </image>
  <image id="363" name="1_00523.jpg" width="1080" height="1440">
    <box label="nutri" source="manual" occluded="0" xtl="386.21" ytl="631.34" xbr="896.50" ybr="794.68" rotation="9.00" z_order="0">
    </box>
  </image>
  <image id="364" name="1_00524.jpg" width="1080" height="1440">
    <box label="nutri" source="manual" occluded="0" xtl="384.35" ytl="634.14" xbr="894.64" ybr="797.48" rotation="9.00" z_order="0">
    </box>
  </image>
  <image id="365" name="1_00525.jpg" width="1080" height="1440">
    <box label="nutri" source="manual" occluded="0" xtl="382.49" ytl="636.93" xbr="892.78" ybr="800.27" rotation="9.00" z_order="0">
    </box>
  </image>
  <image id="366" name="1_00526.jpg" width="1080" height="1440">
    <box label="nutri" source="manual" occluded="0" xtl="380.62" ytl="639.73" xbr="890.91" ybr="803.07" rotation="9.00" z_order="0">
    </box>
  </image>
  <image id="367" name="1_00527.jpg" width="1080" height="1440">
    <box label="nutri" source="manual" occluded="0" xtl="378.76" ytl="642.52" xbr="889.05" ybr="805.86" rotation="9.00" z_order="0">
    </box>
  </image>
  <image id="368" name="1_00528.jpg" width="1080" height="1440">
    <box label="nutri" source="manual" occluded="0" xtl="376.89" ytl="645.32" xbr="887.18" ybr="808.66" rotation="9.00" z_order="0">
    </box>
  </image>
  <image id="369" name="1_00529.jpg" width="1080" height="1440">
    <box label="nutri" source="manual" occluded="0" xtl="374.56" ytl="661.63" xbr="884.85" ybr="824.97" rotation="9.00" z_order="0">
    </box>
  </image>
  <image id="370" name="1_00530.jpg" width="1080" height="1440">
    <box label="nutri" source="manual" occluded="0" xtl="369.90" ytl="677.94" xbr="880.19" ybr="841.28" rotation="9.00" z_order="0">
    </box>
  </image>
  <image id="371" name="1_00531.jpg" width="1080" height="1440">
    <box label="nutri" source="manual" occluded="0" xtl="369.90" ytl="684.15" xbr="880.19" ybr="847.49" rotation="9.00" z_order="0">
    </box>
  </image>
  <image id="372" name="1_00532.jpg" width="1080" height="1440">
    <box label="nutri" source="manual" occluded="0" xtl="369.90" ytl="690.37" xbr="880.19" ybr="853.71" rotation="9.00" z_order="0">
    </box>
  </image>
  <image id="373" name="1_00533.jpg" width="1080" height="1440">
    <box label="nutri" source="manual" occluded="0" xtl="369.90" ytl="696.58" xbr="880.19" ybr="859.92" rotation="9.00" z_order="0">
    </box>
  </image>
  <image id="374" name="1_00534.jpg" width="1080" height="1440">
    <box label="nutri" source="manual" occluded="0" xtl="368.74" ytl="698.91" xbr="879.03" ybr="862.25" rotation="9.00" z_order="0">
    </box>
  </image>
  <image id="375" name="1_00535.jpg" width="1080" height="1440">
    <box label="nutri" source="manual" occluded="0" xtl="367.57" ytl="701.24" xbr="877.86" ybr="864.58" rotation="9.00" z_order="0">
    </box>
  </image>
  <image id="376" name="1_00536.jpg" width="1080" height="1440">
    <box label="nutri" source="manual" occluded="0" xtl="366.41" ytl="703.57" xbr="876.70" ybr="866.91" rotation="9.00" z_order="0">
    </box>
  </image>
  <image id="377" name="1_00537.jpg" width="1080" height="1440">
    <box label="nutri" source="manual" occluded="0" xtl="365.24" ytl="705.90" xbr="875.53" ybr="869.24" rotation="9.00" z_order="0">
    </box>
  </image>
  <image id="378" name="1_00538.jpg" width="1080" height="1440">
    <box label="nutri" source="manual" occluded="0" xtl="359.42" ytl="715.85" xbr="858.94" ybr="872.74" rotation="9.00" z_order="0">
    </box>
  </image>
  <image id="379" name="1_00539.jpg" width="1080" height="1440">
    <box label="nutri" source="manual" occluded="0" xtl="353.59" ytl="725.79" xbr="842.35" ybr="876.23" rotation="9.00" z_order="0">
    </box>
  </image>
  <image id="380" name="1_00540.jpg" width="1080" height="1440">
    <box label="nutri" source="manual" occluded="0" xtl="352.04" ytl="729.67" xbr="840.80" ybr="880.12" rotation="9.00" z_order="0">
    </box>
  </image>
  <image id="381" name="1_00541.jpg" width="1080" height="1440">
    <box label="nutri" source="manual" occluded="0" xtl="350.49" ytl="733.56" xbr="839.24" ybr="884.00" rotation="9.00" z_order="0">
    </box>
  </image>
  <image id="382" name="1_00542.jpg" width="1080" height="1440">
    <box label="nutri" source="manual" occluded="0" xtl="348.93" ytl="737.44" xbr="837.69" ybr="887.88" rotation="9.00" z_order="0">
    </box>
  </image>
  <image id="383" name="1_00543.jpg" width="1080" height="1440">
    <box label="nutri" source="manual" occluded="0" xtl="350.10" ytl="735.11" xbr="838.85" ybr="885.55" rotation="9.00" z_order="0">
    </box>
  </image>
  <image id="384" name="1_00544.jpg" width="1080" height="1440">
    <box label="nutri" source="manual" occluded="0" xtl="351.26" ytl="732.78" xbr="840.02" ybr="883.22" rotation="9.00" z_order="0">
    </box>
  </image>
  <image id="385" name="1_00545.jpg" width="1080" height="1440">
    <box label="nutri" source="manual" occluded="0" xtl="352.43" ytl="730.45" xbr="841.18" ybr="880.89" rotation="9.00" z_order="0">
    </box>
  </image>
  <image id="386" name="1_00546.jpg" width="1080" height="1440">
    <box label="nutri" source="manual" occluded="0" xtl="353.59" ytl="728.12" xbr="842.35" ybr="878.56" rotation="9.00" z_order="0">
    </box>
  </image>
  <image id="387" name="1_00547.jpg" width="1080" height="1440">
    <box label="nutri" source="manual" occluded="0" xtl="353.59" ytl="728.12" xbr="842.35" ybr="878.56" rotation="9.00" z_order="0">
    </box>
  </image>
  <image id="388" name="1_00548.jpg" width="1080" height="1440">
    <box label="nutri" source="manual" occluded="0" xtl="359.21" ytl="731.39" xbr="832.58" ybr="874.68" rotation="9.00" z_order="0">
    </box>
  </image>
  <image id="389" name="1_00549.jpg" width="1080" height="1440">
    <box label="nutri" source="manual" occluded="0" xtl="364.83" ytl="734.66" xbr="822.82" ybr="870.81" rotation="9.00" z_order="0">
    </box>
  </image>
  <image id="390" name="1_00550.jpg" width="1080" height="1440">
    <box label="nutri" source="manual" occluded="0" xtl="370.45" ytl="737.93" xbr="813.05" ybr="866.93" rotation="9.00" z_order="0">
    </box>
  </image>
  <image id="391" name="1_00551.jpg" width="1080" height="1440">
    <box label="nutri" source="manual" occluded="0" xtl="371.23" ytl="739.48" xbr="813.83" ybr="868.48" rotation="9.00" z_order="0">
    </box>
  </image>
  <image id="392" name="1_00552.jpg" width="1080" height="1440">
    <box label="nutri" source="manual" occluded="0" xtl="372.00" ytl="741.04" xbr="814.60" ybr="870.04" rotation="9.00" z_order="0">
    </box>
  </image>
  <image id="393" name="1_00553.jpg" width="1080" height="1440">
    <box label="nutri" source="manual" occluded="0" xtl="372.78" ytl="742.59" xbr="815.38" ybr="871.59" rotation="9.00" z_order="0">
    </box>
  </image>
  <image id="394" name="1_00554.jpg" width="1080" height="1440">
    <box label="nutri" source="manual" occluded="0" xtl="376.27" ytl="745.50" xbr="818.88" ybr="874.50" rotation="9.00" z_order="0">
    </box>
  </image>
  <image id="395" name="1_00555.jpg" width="1080" height="1440">
    <box label="nutri" source="manual" occluded="0" xtl="379.77" ytl="748.42" xbr="822.37" ybr="877.42" rotation="9.00" z_order="0">
    </box>
  </image>
  <image id="396" name="1_00556.jpg" width="1080" height="1440">
    <box label="nutri" source="manual" occluded="0" xtl="383.26" ytl="751.33" xbr="825.87" ybr="880.33" rotation="9.00" z_order="0">
    </box>
  </image>
  <image id="397" name="1_00557.jpg" width="1080" height="1440">
    <box label="nutri" source="manual" occluded="0" xtl="386.76" ytl="754.24" xbr="829.36" ybr="883.24" rotation="9.00" z_order="0">
    </box>
  </image>
  <image id="398" name="1_00558.jpg" width="1080" height="1440">
    <box label="nutri" source="manual" occluded="0" xtl="386.76" ytl="758.12" xbr="829.36" ybr="887.12" rotation="9.00" z_order="0">
    </box>
  </image>
  <image id="399" name="1_00559.jpg" width="1080" height="1440">
    <box label="nutri" source="manual" occluded="0" xtl="386.76" ytl="762.01" xbr="829.36" ybr="891.01" rotation="9.00" z_order="0">
    </box>
  </image>
  <image id="400" name="1_00560.jpg" width="1080" height="1440">
    <box label="nutri" source="manual" occluded="0" xtl="386.76" ytl="765.89" xbr="829.36" ybr="894.89" rotation="9.00" z_order="0">
    </box>
  </image>
  <image id="401" name="1_00561.jpg" width="1080" height="1440">
    <box label="nutri" source="manual" occluded="0" xtl="386.76" ytl="765.50" xbr="829.36" ybr="894.50" rotation="9.00" z_order="0">
    </box>
  </image>
  <image id="402" name="1_00562.jpg" width="1080" height="1440">
    <box label="nutri" source="manual" occluded="0" xtl="386.76" ytl="765.11" xbr="829.36" ybr="894.11" rotation="9.00" z_order="0">
    </box>
  </image>
  <image id="403" name="1_00563.jpg" width="1080" height="1440">
    <box label="nutri" source="manual" occluded="0" xtl="386.76" ytl="764.73" xbr="829.36" ybr="893.73" rotation="9.00" z_order="0">
    </box>
  </image>
  <image id="404" name="1_00564.jpg" width="1080" height="1440">
    <box label="nutri" source="manual" occluded="0" xtl="386.76" ytl="764.34" xbr="829.36" ybr="893.34" rotation="9.00" z_order="0">
    </box>
  </image>
  <image id="405" name="1_00565.jpg" width="1080" height="1440">
    <box label="nutri" source="manual" occluded="0" xtl="386.76" ytl="763.95" xbr="829.36" ybr="892.95" rotation="9.00" z_order="0">
    </box>
  </image>
  <image id="406" name="1_00566.jpg" width="1080" height="1440">
    <box label="nutri" source="manual" occluded="0" xtl="386.76" ytl="763.56" xbr="829.36" ybr="892.56" rotation="9.00" z_order="0">
    </box>
  </image>
  <image id="407" name="1_00567.jpg" width="1080" height="1440">
    <box label="nutri" source="manual" occluded="0" xtl="386.76" ytl="761.49" xbr="829.36" ybr="890.49" rotation="9.00" z_order="0">
    </box>
  </image>
  <image id="408" name="1_00568.jpg" width="1080" height="1440">
    <box label="nutri" source="manual" occluded="0" xtl="386.76" ytl="759.42" xbr="829.36" ybr="888.42" rotation="9.00" z_order="0">
    </box>
  </image>
  <image id="409" name="1_00569.jpg" width="1080" height="1440">
    <box label="nutri" source="manual" occluded="0" xtl="386.76" ytl="757.35" xbr="829.36" ybr="886.35" rotation="9.00" z_order="0">
    </box>
  </image>
  <image id="410" name="1_00570.jpg" width="1080" height="1440">
    <box label="nutri" source="manual" occluded="0" xtl="386.76" ytl="755.28" xbr="829.36" ybr="884.28" rotation="9.00" z_order="0">
    </box>
  </image>
  <image id="411" name="1_00571.jpg" width="1080" height="1440">
    <box label="nutri" source="manual" occluded="0" xtl="386.76" ytl="753.20" xbr="829.36" ybr="882.20" rotation="9.00" z_order="0">
    </box>
  </image>
  <image id="412" name="1_00572.jpg" width="1080" height="1440">
    <box label="nutri" source="manual" occluded="0" xtl="386.76" ytl="751.13" xbr="829.36" ybr="880.13" rotation="9.00" z_order="0">
    </box>
  </image>
  <image id="413" name="1_00573.jpg" width="1080" height="1440">
    <box label="nutri" source="manual" occluded="0" xtl="386.76" ytl="749.06" xbr="829.36" ybr="878.06" rotation="9.00" z_order="0">
    </box>
  </image>
  <image id="414" name="1_00574.jpg" width="1080" height="1440">
    <box label="nutri" source="manual" occluded="0" xtl="386.76" ytl="746.99" xbr="829.36" ybr="875.99" rotation="9.00" z_order="0">
    </box>
  </image>
  <image id="415" name="1_00575.jpg" width="1080" height="1440">
    <box label="nutri" source="manual" occluded="0" xtl="386.76" ytl="744.92" xbr="829.36" ybr="873.92" rotation="9.00" z_order="0">
    </box>
  </image>
  <image id="416" name="1_00576.jpg" width="1080" height="1440">
    <box label="nutri" source="manual" occluded="0" xtl="386.76" ytl="742.59" xbr="829.36" ybr="871.59" rotation="9.00" z_order="0">
    </box>
  </image>
  <image id="417" name="1_00577.jpg" width="1080" height="1440">
    <box label="nutri" source="manual" occluded="0" xtl="386.76" ytl="740.26" xbr="829.36" ybr="869.26" rotation="9.00" z_order="0">
    </box>
  </image>
  <image id="418" name="1_00578.jpg" width="1080" height="1440">
    <box label="nutri" source="manual" occluded="0" xtl="386.76" ytl="737.93" xbr="829.36" ybr="866.93" rotation="9.00" z_order="0">
    </box>
  </image>
  <image id="419" name="1_00579.jpg" width="1080" height="1440">
    <box label="nutri" source="manual" occluded="0" xtl="386.76" ytl="737.93" xbr="829.36" ybr="866.93" rotation="9.00" z_order="0">
    </box>
  </image>
  <image id="420" name="1_00580.jpg" width="1080" height="1440">
    <box label="nutri" source="manual" occluded="0" xtl="386.76" ytl="737.93" xbr="829.36" ybr="866.93" rotation="9.00" z_order="0">
    </box>
  </image>
  <image id="421" name="1_00581.jpg" width="1080" height="1440">
  </image>
  <image id="422" name="1_00582.jpg" width="1080" height="1440">
  </image>
  <image id="423" name="1_00583.jpg" width="1080" height="1440">
  </image>
  <image id="424" name="1_00584.jpg" width="1080" height="1440">
  </image>
  <image id="425" name="1_00585.jpg" width="1080" height="1440">
  </image>
  <image id="426" name="1_00586.jpg" width="1080" height="1440">
  </image>
  <image id="427" name="1_00587.jpg" width="1080" height="1440">
  </image>
  <image id="428" name="1_00588.jpg" width="1080" height="1440">
  </image>
  <image id="429" name="1_00589.jpg" width="1080" height="1440">
  </image>
  <image id="430" name="1_00590.jpg" width="1080" height="1440">
  </image>
  <image id="431" name="1_00591.jpg" width="1080" height="1440">
  </image>
  <image id="432" name="1_00592.jpg" width="1080" height="1440">
  </image>
  <image id="433" name="1_00593.jpg" width="1080" height="1440">
  </image>
</annotations>
